order_item_id,order_id,product_id,quantity,unit_price,line_total
5001,1001,342,5,130996.95,654984.75
5002,1002,184,8,66678.35,533426.80
5003,1003,5,8,102909.54,823276.32
5004,1004,112,2,22245.47,44490.94
5005,1005,189,7,132987.52,930912.64
5006,1006,162,7,14630.95,102416.65
5007,1007,253,7,55654.07,389578.49
5008,1008,192,8,579.81,4638.48
5009,1009,143,6,35710.52,214263.12
5010,1010,119,1,100984.34,100984.34
5011,1011,319,7,65167.89,456175.23
5012,1012,3,6,125028.58,750171.48
5013,1013,132,4,105966.91,423867.64
5014,1014,39,6,134779.64,808677.84
5015,1015,60,8,20690.12,165520.96
5016,1016,222,4,113745.46,454981.84
5017,1017,258,6,124986.59,749919.54
5018,1018,58,8,31229.73,249837.84
5019,1019,182,7,119496.36,836474.52
5020,1020,287,3,97110.33,291330.99
5021,1021,272,2,45247.90,90495.80
5022,1022,308,5,120725.95,603629.75
5023,1023,140,1,127707.01,127707.01
5024,1024,350,1,97184.42,97184.42
5025,1025,310,8,143168.98,1145351.84
5026,1026,14,6,984.94,5909.64
5027,1027,245,3,76242.66,228727.98
5028,1028,256,5,52202.19,261010.95
5029,1029,330,2,112466.59,224933.18
5030,1030,27,6,130555.92,783335.52
5031,1031,45,6,40579.50,243477.00
5032,1032,344,2,37652.07,75304.14
5033,1033,192,1,579.81,579.81
5034,1034,337,1,65660.79,65660.79
5035,1035,114,2,79044.86,158089.72
5036,1036,200,4,96671.03,386684.12
5037,1037,108,1,52185.95,52185.95
5038,1038,2,8,72076.32,576610.56
5039,1039,247,4,147870.22,591480.88
5040,1040,99,1,15250.08,15250.08
5041,1041,246,8,146955.46,1175643.68
5042,1042,227,8,82845.89,662767.12
5043,1043,114,2,79044.86,158089.72
5044,1044,327,8,15709.17,125673.36
5045,1045,318,7,144863.17,1014042.19
5046,1046,139,8,114094.66,912757.28
5047,1047,219,2,11508.34,23016.68
5048,1048,307,7,147724.40,1034070.80
5049,1049,92,4,46747.85,186991.40
5050,1050,275,2,58436.06,116872.12
5051,1051,5,3,102909.54,308728.62
5052,1052,340,1,147084.18,147084.18
5053,1053,323,4,138529.22,554116.88
5054,1054,114,3,79044.86,237134.58
5055,1055,318,6,144863.17,869179.02
5056,1056,128,6,4743.83,28462.98
5057,1057,78,1,126469.03,126469.03
5058,1058,282,3,103136.52,309409.56
5059,1059,285,6,43830.24,262981.44
5060,1060,99,6,15250.08,91500.48
5061,1061,333,8,121986.59,975892.72
5062,1062,83,5,75205.42,376027.10
5063,1063,4,2,1578.26,3156.52
5064,1064,278,2,62757.57,125515.14
5065,1065,82,4,98808.95,395235.80
5066,1066,311,5,22411.69,112058.45
5067,1067,115,5,46148.07,230740.35
5068,1068,330,1,112466.59,112466.59
5069,1069,68,8,93152.79,745222.32
5070,1070,145,8,115173.09,921384.72
5071,1071,84,8,116406.54,931252.32
5072,1072,96,8,139618.86,1116950.88
5073,1073,51,4,17769.60,71078.40
5074,1074,156,4,83721.91,334887.64
5075,1075,19,8,147435.86,1179486.88
5076,1076,47,2,84141.60,168283.20
5077,1077,31,5,111516.41,557582.05
5078,1078,69,8,88392.06,707136.48
5079,1079,337,8,65660.79,525286.32
5080,1080,248,8,13234.46,105875.68
5081,1081,239,4,50218.98,200875.92
5082,1082,276,3,115145.16,345435.48
5083,1083,145,7,115173.09,806211.63
5084,1084,183,2,107765.03,215530.06
5085,1085,152,6,74640.40,447842.40
5086,1086,198,5,130910.82,654554.10
5087,1087,131,3,141129.00,423387.00
5088,1088,298,7,90804.69,635632.83
5089,1089,228,4,106636.91,426547.64
5090,1090,144,6,89757.06,538542.36
5091,1091,288,6,52846.37,317078.22
5092,1092,134,8,138760.33,1110082.64
5093,1093,57,4,48547.80,194191.20
5094,1094,62,1,47597.71,47597.71
5095,1095,99,3,15250.08,45750.24
5096,1096,273,7,106872.07,748104.49
5097,1097,148,3,19120.52,57361.56
5098,1098,165,6,88546.97,531281.82
5099,1099,245,6,76242.66,457455.96
5100,1100,104,2,19311.38,38622.76
5101,1101,339,4,118322.83,473291.32
5102,1102,324,1,2676.22,2676.22
5103,1103,69,5,88392.06,441960.30
5104,1104,234,5,49692.24,248461.20
5105,1105,322,2,127498.60,254997.20
5106,1106,18,6,113904.50,683427.00
5107,1107,205,8,37006.09,296048.72
5108,1108,269,1,49639.08,49639.08
5109,1109,4,5,1578.26,7891.30
5110,1110,96,2,139618.86,279237.72
5111,1111,279,5,134864.16,674320.80
5112,1112,149,4,94400.32,377601.28
5113,1113,293,4,139397.71,557590.84
5114,1114,150,2,15645.66,31291.32
5115,1115,267,3,48399.13,145197.39
5116,1116,253,6,55654.07,333924.42
5117,1117,72,6,143295.70,859774.20
5118,1118,253,5,55654.07,278270.35
5119,1119,85,1,149044.67,149044.67
5120,1120,159,2,105488.50,210977.00
5121,1121,124,4,94230.73,376922.92
5122,1122,120,4,12742.34,50969.36
5123,1123,247,8,147870.22,1182961.76
5124,1124,193,8,84998.20,679985.60
5125,1125,6,6,109126.54,654759.24
5126,1126,146,4,105310.18,421240.72
5127,1127,126,1,111175.85,111175.85
5128,1128,84,5,116406.54,582032.70
5129,1129,118,6,57940.36,347642.16
5130,1130,284,5,57023.76,285118.80
5131,1131,54,6,117929.23,707575.38
5132,1132,326,1,68430.40,68430.40
5133,1133,37,6,99707.63,598245.78
5134,1134,337,2,65660.79,131321.58
5135,1135,29,1,42439.60,42439.60
5136,1136,108,6,52185.95,313115.70
5137,1137,126,4,111175.85,444703.40
5138,1138,91,6,29948.15,179688.90
5139,1139,115,2,46148.07,92296.14
5140,1140,148,8,19120.52,152964.16
5141,1141,270,5,106940.52,534702.60
5142,1142,24,4,8381.51,33526.04
5143,1143,208,2,43114.04,86228.08
5144,1144,50,7,136127.87,952895.09
5145,1145,144,3,89757.06,269271.18
5146,1146,20,2,20804.98,41609.96
5147,1147,238,5,113862.30,569311.50
5148,1148,94,6,1806.20,10837.20
5149,1149,327,4,15709.17,62836.68
5150,1150,121,2,113567.22,227134.44
5151,1151,249,4,146973.21,587892.84
5152,1152,115,7,46148.07,323036.49
5153,1153,53,4,93932.44,375729.76
5154,1154,235,4,2470.58,9882.32
5155,1155,164,6,30076.69,180460.14
5156,1156,275,3,58436.06,175308.18
5157,1157,21,1,33026.40,33026.40
5158,1158,113,6,122373.52,734241.12
5159,1159,317,4,138286.55,553146.20
5160,1160,31,5,111516.41,557582.05
5161,1161,243,6,54029.36,324176.16
5162,1162,120,3,12742.34,38227.02
5163,1163,107,3,63296.49,189889.47
5164,1164,331,1,125909.69,125909.69
5165,1165,281,5,19944.18,99720.90
5166,1166,31,8,111516.41,892131.28
5167,1167,180,1,48123.69,48123.69
5168,1168,116,8,51380.72,411045.76
5169,1169,201,8,20159.01,161272.08
5170,1170,282,2,103136.52,206273.04
5171,1171,228,3,106636.91,319910.73
5172,1172,257,2,30118.68,60237.36
5173,1173,162,7,14630.95,102416.65
5174,1174,189,1,132987.52,132987.52
5175,1175,66,1,93050.84,93050.84
5176,1176,123,7,37308.86,261162.02
5177,1177,44,1,4881.58,4881.58
5178,1178,183,6,107765.03,646590.18
5179,1179,295,4,40684.77,162739.08
5180,1180,109,8,91864.34,734914.72
5181,1181,138,8,136315.69,1090525.52
5182,1182,258,7,124986.59,874906.13
5183,1183,142,1,141998.10,141998.10
5184,1184,87,1,46478.86,46478.86
5185,1185,223,5,87604.97,438024.85
5186,1186,85,6,149044.67,894268.02
5187,1187,328,8,104609.01,836872.08
5188,1188,186,8,58116.02,464928.16
5189,1189,213,4,108480.98,433923.92
5190,1190,115,3,46148.07,138444.21
5191,1191,114,8,79044.86,632358.88
5192,1192,142,4,141998.10,567992.40
5193,1193,137,8,87985.89,703887.12
5194,1194,264,8,105840.72,846725.76
5195,1195,336,6,125758.80,754552.80
5196,1196,280,5,19911.43,99557.15
5197,1197,28,5,130147.37,650736.85
5198,1198,342,8,130996.95,1047975.60
5199,1199,336,6,125758.80,754552.80
5200,1200,269,1,49639.08,49639.08
5201,1201,69,2,88392.06,176784.12
5202,1202,206,4,128489.16,513956.64
5203,1203,300,3,121982.59,365947.77
5204,1204,57,8,48547.80,388382.40
5205,1205,197,1,102276.72,102276.72
5206,1206,145,3,115173.09,345519.27
5207,1207,1,3,24892.01,74676.03
5208,1208,330,2,112466.59,224933.18
5209,1209,64,3,71461.56,214384.68
5210,1210,308,6,120725.95,724355.70
5211,1211,164,6,30076.69,180460.14
5212,1212,47,5,84141.60,420708.00
5213,1213,171,3,11785.22,35355.66
5214,1214,90,3,37415.93,112247.79
5215,1215,203,8,73953.78,591630.24
5216,1216,113,2,122373.52,244747.04
5217,1217,140,8,127707.01,1021656.08
5218,1218,46,2,25684.08,51368.16
5219,1219,116,4,51380.72,205522.88
5220,1220,292,7,121789.41,852525.87
5221,1221,123,7,37308.86,261162.02
5222,1222,292,6,121789.41,730736.46
5223,1223,80,2,103948.50,207897.00
5224,1224,92,1,46747.85,46747.85
5225,1225,283,8,6780.73,54245.84
5226,1226,111,8,111733.95,893871.60
5227,1227,248,6,13234.46,79406.76
5228,1228,199,3,8432.16,25296.48
5229,1229,295,7,40684.77,284793.39
5230,1230,29,1,42439.60,42439.60
5231,1231,38,6,72602.61,435615.66
5232,1232,46,3,25684.08,77052.24
5233,1233,203,4,73953.78,295815.12
5234,1234,227,3,82845.89,248537.67
5235,1235,196,5,147882.71,739413.55
5236,1236,336,4,125758.80,503035.20
5237,1237,75,6,1949.68,11698.08
5238,1238,143,8,35710.52,285684.16
5239,1239,254,5,73137.59,365687.95
5240,1240,192,6,579.81,3478.86
5241,1241,341,1,1427.12,1427.12
5242,1242,59,6,10302.43,61814.58
5243,1243,116,6,51380.72,308284.32
5244,1244,176,5,107962.09,539810.45
5245,1245,44,2,4881.58,9763.16
5246,1246,2,3,72076.32,216228.96
5247,1247,39,2,134779.64,269559.28
5248,1248,63,4,3152.11,12608.44
5249,1249,156,1,83721.91,83721.91
5250,1250,340,3,147084.18,441252.54
5251,1251,217,4,133295.03,533180.12
5252,1252,23,3,46839.01,140517.03
5253,1253,141,4,63844.84,255379.36
5254,1254,2,5,72076.32,360381.60
5255,1255,288,5,52846.37,264231.85
5256,1256,23,8,46839.01,374712.08
5257,1257,8,4,143286.97,573147.88
5258,1258,36,7,15183.42,106283.94
5259,1259,250,5,89424.85,447124.25
5260,1260,4,3,1578.26,4734.78
5261,1261,239,1,50218.98,50218.98
5262,1262,96,8,139618.86,1116950.88
5263,1263,334,8,139591.72,1116733.76
5264,1264,170,5,85595.62,427978.10
5265,1265,54,6,117929.23,707575.38
5266,1266,133,6,17530.70,105184.20
5267,1267,76,6,20304.76,121828.56
5268,1268,251,7,69049.69,483347.83
5269,1269,256,5,52202.19,261010.95
5270,1270,23,4,46839.01,187356.04
5271,1271,240,5,115747.14,578735.70
5272,1272,182,7,119496.36,836474.52
5273,1273,111,8,111733.95,893871.60
5274,1274,44,6,4881.58,29289.48
5275,1275,250,2,89424.85,178849.70
5276,1276,2,2,72076.32,144152.64
5277,1277,244,5,14457.53,72287.65
5278,1278,302,6,63707.31,382243.86
5279,1279,17,3,56339.64,169018.92
5280,1280,342,4,130996.95,523987.80
5281,1281,300,5,121982.59,609912.95
5282,1282,232,7,115724.60,810072.20
5283,1283,44,8,4881.58,39052.64
5284,1284,300,4,121982.59,487930.36
5285,1285,321,8,137735.77,1101886.16
5286,1286,348,4,33054.44,132217.76
5287,1287,44,1,4881.58,4881.58
5288,1288,347,2,60206.22,120412.44
5289,1289,313,4,58083.33,232333.32
5290,1290,261,6,26934.50,161607.00
5291,1291,312,3,16464.27,49392.81
5292,1292,91,3,29948.15,89844.45
5293,1293,348,2,33054.44,66108.88
5294,1294,70,4,38792.66,155170.64
5295,1295,28,5,130147.37,650736.85
5296,1296,257,1,30118.68,30118.68
5297,1297,159,8,105488.50,843908.00
5298,1298,332,3,137975.15,413925.45
5299,1299,201,5,20159.01,100795.05
5300,1300,267,4,48399.13,193596.52
5301,1301,77,8,17449.90,139599.20
5302,1302,214,6,90537.94,543227.64
5303,1303,218,3,35348.49,106045.47
5304,1304,231,5,124499.75,622498.75
5305,1305,317,6,138286.55,829719.30
5306,1306,137,1,87985.89,87985.89
5307,1307,125,1,51500.46,51500.46
5308,1308,63,6,3152.11,18912.66
5309,1309,127,8,28504.90,228039.20
5310,1310,140,3,127707.01,383121.03
5311,1311,152,8,74640.40,597123.20
5312,1312,40,1,20127.64,20127.64
5313,1313,73,7,91936.04,643552.28
5314,1314,300,6,121982.59,731895.54
5315,1315,42,7,122781.00,859467.00
5316,1316,184,6,66678.35,400070.10
5317,1317,237,3,126369.15,379107.45
5318,1318,251,7,69049.69,483347.83
5319,1319,328,2,104609.01,209218.02
5320,1320,347,7,60206.22,421443.54
5321,1321,166,3,21203.27,63609.81
5322,1322,41,6,60753.36,364520.16
5323,1323,156,8,83721.91,669775.28
5324,1324,26,3,35685.10,107055.30
5325,1325,74,5,81836.76,409183.80
5326,1326,105,6,8054.63,48327.78
5327,1327,323,5,138529.22,692646.10
5328,1328,191,2,13340.17,26680.34
5329,1329,178,3,97720.00,293160.00
5330,1330,57,7,48547.80,339834.60
5331,1331,161,8,143891.82,1151134.56
5332,1332,297,6,41219.89,247319.34
5333,1333,300,6,121982.59,731895.54
5334,1334,205,6,37006.09,222036.54
5335,1335,21,5,33026.40,165132.00
5336,1336,225,6,32141.51,192849.06
5337,1337,306,2,74755.47,149510.94
5338,1338,64,5,71461.56,357307.80
5339,1339,71,4,39555.41,158221.64
5340,1340,256,7,52202.19,365415.33
5341,1341,200,6,96671.03,580026.18
5342,1342,271,1,23045.97,23045.97
5343,1343,253,3,55654.07,166962.21
5344,1344,83,8,75205.42,601643.36
5345,1345,274,5,15383.47,76917.35
5346,1346,161,7,143891.82,1007242.74
5347,1347,151,6,133041.44,798248.64
5348,1348,37,6,99707.63,598245.78
5349,1349,294,4,113430.49,453721.96
5350,1350,110,5,99951.57,499757.85
